root_id,flow,super_class,class,sub_class,hemilineage,side,nerve
720575940608278620,intrinsic,central,CX,tangential,DL1_dorsal,right,
720575940609375580,intrinsic,central,CX,tangential,putative_primary,left,
720575940610894450,intrinsic,central,CX,columnar,DM3_CX_d2,left,
720575940613829900,intrinsic,central,CX,,DM1_CX_d2,right,
720575940616617940,intrinsic,central,CX,columnar,DM2_CX_d2,right,
720575940620012020,intrinsic,central,CX,columnar,DM4_CX_d2,right,
720575940620841310,intrinsic,central,CX,columnar,DM2_CX_p,right,
720575940621268830,intrinsic,central,CX,,putative_primary,right,
720575940621501720,intrinsic,central,CX,columnar,DM4_CX_d3,right,
720575940624888880,intrinsic,central,CX,columnar,DM4_CX_d3,right,
720575940627899900,intrinsic,central,CX,columnar,DM1_CX_p,left,
720575940629039660,intrinsic,central,CX,columnar,DM4_CX_p,left,
720575940633909600,intrinsic,central,CX,columnar,DM1_CX_d2,right,
720575940636455280,intrinsic,central,CX,,putative_primary,left,
720575940650510070,intrinsic,central,CX,tangential,DL1_dorsal,right,
720575940613490841,intrinsic,central,CX,columnar,DM3_CX_p,left,
720575940616410171,intrinsic,central,CX,columnar,DM4_CX_d3,left,
720575940619683311,intrinsic,central,CX,columnar,DM3_CX_p,right,
720575940619913221,intrinsic,central,CX,columnar,DM4_CX_d3,right,
720575940622471721,intrinsic,central,CX,columnar,DM1_CX_v,right,
720575940623004711,intrinsic,central,CX,columnar,DM1_CX_d2,left,
720575940627675121,intrinsic,central,CX,columnar,DM4_CX_p,right,
720575940629459441,intrinsic,central,CX,columnar,DM3_CX_d1,left,
720575940631449411,intrinsic,central,CX,tangential,LALv1_dorsal,right,
720575940631848791,intrinsic,central,CX,columnar,DM1_CX_d2,right,
720575940634313071,intrinsic,central,CX,columnar,DM3_CX_d2,left,
720575940639410291,intrinsic,central,CX,tangential,putative_primary,right,
720575940640228661,intrinsic,central,CX,columnar,DM3_CX_d2,right,
720575940604612832,intrinsic,central,CX,columnar,DM3_CX_d2,right,
720575940608783452,intrinsic,central,CX,tangential,DL1_dorsal,left,
720575940610980932,intrinsic,central,CX,,putative_primary,left,
720575940617387732,intrinsic,central,CX,tangential,LALv1_dorsal,left,
720575940620130032,intrinsic,central,CX,tangential,DL1_dorsal,left,
720575940621139482,intrinsic,central,CX,columnar,DM2_CX_d2,right,
720575940624290232,intrinsic,central,CX,tangential,DL1_dorsal,right,
720575940624452902,intrinsic,central,CX,,putative_primary,left,
720575940625962152,intrinsic,central,CX,columnar,DM4_CX_d3,left,
720575940627264062,intrinsic,central,CX,,putative_primary,right,
720575940628793982,intrinsic,central,CX,tangential,putative_primary,left,
720575940629506012,intrinsic,central,CX,columnar,DM3_CX_d2,left,
720575940633620132,intrinsic,central,CX,,putative_primary,left,
720575940633655452,intrinsic,central,CX,,LALv1_dorsal,left,
720575940635759002,intrinsic,central,CX,ring_neuron,EBa1,right,
720575940604110513,intrinsic,central,CX,columnar,DM2_CX_p,right,
720575940620028513,intrinsic,central,CX,columnar,DM3_CX_p,left,
720575940620032123,intrinsic,central,CX,tangential,DM4_dorsal,right,
720575940620571953,intrinsic,central,CX,,LALv1_dorsal,left,
720575940622462173,intrinsic,central,CX,tangential,putative_primary,left,
720575940631093303,intrinsic,central,CX,ring_neuron,EBa1,right,
720575940632598343,intrinsic,central,CX,ring_neuron,EBa1,left,
720575940632825913,intrinsic,central,CX,tangential,LALv1_dorsal,left,
720575940633145903,intrinsic,central,CX,,LALv1_dorsal,right,
720575940635319663,intrinsic,central,CX,columnar,DM3_CX_p,right,
720575940640486973,intrinsic,central,CX,tangential,DL1_dorsal,left,
720575940604019424,intrinsic,central,CX,columnar,DM2_CX_d2,right,
720575940613560994,intrinsic,central,CX,,LALv1_dorsal,left,
720575940619141254,intrinsic,central,CX,columnar,DM2_CX_p,right,
720575940621019674,intrinsic,central,CX,columnar,DM3_CX_d2,right,
720575940625649214,intrinsic,central,CX,tangential,DM4_dorsal,right,
720575940630520314,intrinsic,central,CX,columnar,DM4_CX_p,left,
720575940630941994,intrinsic,central,CX,columnar,DM2_CX_p,left,
720575940643408164,intrinsic,central,CX,columnar,DM1_CX_p,left,
720575940643576224,intrinsic,central,CX,,LALv1_dorsal,right,
720575940608208835,intrinsic,central,CX,columnar,DM4_CX_p,right,
720575940615833055,intrinsic,central,CX,tangential,LALv1_dorsal,left,
720575940617225565,intrinsic,central,CX,tangential,LALv1_dorsal,left,
720575940619237985,intrinsic,central,CX,columnar,DM2_CX_d2,left,
720575940620027515,intrinsic,central,CX,,LALv1_dorsal,left,
720575940620346795,intrinsic,central,CX,tangential,DM4_dorsal,left,
720575940625968115,intrinsic,central,CX,columnar,DM1_CX_d2,left,
720575940626343305,intrinsic,central,CX,columnar,DM2_CX_d2,left,
720575940630444625,intrinsic,central,CX,columnar,DM1_CX_d2,left,
720575940630773585,intrinsic,central,CX,columnar,DM2_CX_d2,left,
720575940631508255,intrinsic,central,CX,columnar,DM2_CX_p,left,
720575940637238505,intrinsic,central,CX,columnar,DM2_CX_p,right,
720575940637303415,intrinsic,central,CX,columnar,DM1_CX_v,left,
720575940638328765,intrinsic,central,CX,columnar,DM1_CX_p,left,
720575940640026045,intrinsic,central,CX,ring_neuron,EBa1,left,
720575940605379506,intrinsic,central,CX,columnar,DM4_CX_p,right,
720575940621381236,intrinsic,central,CX,columnar,DM2_CX_d2,left,
720575940624381966,intrinsic,central,CX,columnar,DM2_CX_d2,right,
720575940625967546,intrinsic,central,CX,,LALv1_dorsal,right,
720575940626806026,intrinsic,central,CX,columnar,DM3_CX_d2,right,
720575940629268486,intrinsic,central,CX,ring_neuron,EBa1,left,
720575940629902206,intrinsic,central,CX,columnar,DM3_CX_d1,right,
720575940630007916,intrinsic,central,CX,columnar,DM1_CX_v,right,
720575940631125036,intrinsic,central,CX,,DM1_CX_d2,right,
720575940631347596,intrinsic,central,CX,columnar,DM2_CX_p,left,
720575940632891106,intrinsic,central,CX,columnar,DM1_CX_p,right,
720575940633437176,intrinsic,central,CX,columnar,DM3_CX_p,left,
720575940639404416,intrinsic,central,CX,columnar,DM3_CX_p,right,
720575940651284726,intrinsic,central,CX,columnar,DM4_CX_d3,left,
720575940615101747,intrinsic,central,CX,,DM3__prim,right,
720575940617232017,intrinsic,central,CX,tangential,LALv1_dorsal,left,
720575940618308987,intrinsic,central,CX,tangential,putative_primary,right,
720575940618844757,intrinsic,central,CX,columnar,DM2_CX_p,right,
720575940622945037,intrinsic,central,CX,,LALv1_dorsal,left,
720575940623649097,intrinsic,central,CX,tangential,DL1_dorsal,right,
720575940625455247,intrinsic,central,CX,tangential,putative_primary,right,
720575940626812777,intrinsic,central,CX,columnar,DM3_CX_p,right,
720575940628527247,intrinsic,central,CX,tangential,DL1_dorsal,left,
720575940631991507,intrinsic,central,CX,columnar,DM3_CX_p,left,
720575940638027497,intrinsic,central,CX,tangential,putative_primary,left,
720575940638114357,intrinsic,central,CX,columnar,DM1_CX_d2,left,
720575940603932448,intrinsic,central,CX,columnar,DM2_CX_p,left,
720575940613836438,intrinsic,central,CX,,DM2_CX_d1,right,
720575940615865238,intrinsic,central,CX,ring_neuron,EBa1,right,
720575940616728038,intrinsic,central,CX,columnar,DM3_CX_p,left,
720575940617784118,intrinsic,central,CX,columnar,DM1_CX_v,left,
720575940621709388,intrinsic,central,CX,columnar,DM2_CX_p,right,
720575940625850938,intrinsic,central,CX,columnar,DM4_CX_d2,left,
720575940628168458,intrinsic,central,CX,columnar,DM3_CX_d2,left,
720575940628843458,intrinsic,central,CX,,DM1_CX_d2,right,
720575940633455968,intrinsic,central,CX,,LALv1_dorsal,right,
720575940634280288,intrinsic,central,CX,tangential,LALv1_dorsal,left,
720575940635969758,intrinsic,central,CX,columnar,DM1_CX_p,right,
720575940636069348,intrinsic,central,CX,columnar,DM2_CX_d2,right,
720575940636923108,intrinsic,central,CX,columnar,DM4_CX_p,right,
720575940612869269,intrinsic,central,CX,,DM3__prim,left,
720575940614230499,intrinsic,central,CX,columnar,DM3_CX_p,right,
720575940619544779,intrinsic,central,CX,tangential,putative_primary,right,
720575940624136489,intrinsic,central,CX,columnar,DM4_CX_d3,right,
720575940628003739,intrinsic,central,CX,columnar,DM4_CX_p,left,
720575940632212039,intrinsic,central,CX,tangential,DM4_dorsal,left,
720575940632651219,intrinsic,central,CX,columnar,DM1_CX_d2,right,
720575940632742099,intrinsic,central,CX,,putative_primary,right,
720575940639278399,intrinsic,central,CX,,DM4__prim,left,
720575940640749939,intrinsic,central,CX,,DM4__prim,right,
